{
  "name": "Sherbrooke Actualités",
  "short_name": "Sherbrooke News", 
  "description": "Actualités locales de Sherbrooke et de l'Estrie en temps réel",
  "start_url": "/",
  "display": "standalone",
  "background_color": "#f8fafc",
  "theme_color": "#3b82f6",
  "orientation": "portrait-primary",
  "icons": [
    {
      "src": "data:image/svg+xml,<svg xmlns='http://www.w3.org/2000/svg' viewBox='0 0 192 192'><rect fill='%233b82f6' width='192' height='192' rx='25'/><text y='140' font-size='120' text-anchor='middle' x='96' fill='white'>📰</text></svg>",
      "sizes": "192x192",
      "type": "image/svg+xml",
      "purpose": "any maskable"
    },
    {
      "src": "data:image/svg+xml,<svg xmlns='http://www.w3.org/2000/svg' viewBox='0 0 512 512'><rect fill='%233b82f6' width='512' height='512' rx='64'/><text y='370' font-size='300' text-anchor='middle' x='256' fill='white'>📰</text></svg>",
      "sizes": "512x512",
      "type": "image/svg+xml", 
      "purpose": "any maskable"
    }
  ],
  "categories": ["news", "lifestyle", "local"],
  "lang": "fr-CA",
  "screenshots": [
    {
      "src": "data:image/svg+xml,<svg xmlns='http://www.w3.org/2000/svg' viewBox='0 0 540 720'><rect fill='%23f8fafc' width='540' height='720'/><rect fill='%233b82f6' width='540' height='100'/><text x='270' y='55' fill='white' font-size='24' text-anchor='middle' font-weight='bold'>📰 Sherbrooke Actualités</text><text x='270' y='80' fill='white' font-size='12' text-anchor='middle'>Nouvelles locales</text></svg>",
      "sizes": "540x720",
      "type": "image/svg+xml",
      "form_factor": "narrow"
    }
  ]
}